player,games_played,avg_pts,avg_min,avg_reb,avg_ast,avg_fg_pct,avg_ft_pct,max_pts,avg_stl,avg_blk
Luka Dončić,64,33.5,35.8,7.7,8.3,0.471,0.77,60.0,1.6,0.5
Shai Gilgeous-Alexander,68,31.1,33.2,4.3,6.6,0.572,0.881,55.0,1.4,0.8
Anthony Edwards,60,29.2,35.6,5.0,3.8,0.486,0.764,55.0,1.4,0.8
Jaylen Brown,71,28.7,34.4,6.9,5.1,0.482,0.744,50.0,1.0,0.4
Tyrese Maxey,70,28.3,38.0,4.1,6.6,0.461,0.864,54.0,1.9,0.8
Giannis Antetokounmpo,35,28.3,29.6,10.0,5.6,0.632,0.627,41.0,1.0,0.7
Kawhi Leonard,65,27.9,32.1,6.4,3.6,0.506,0.858,55.0,1.9,0.4
Donovan Mitchell,70,27.9,33.5,4.5,5.7,0.477,0.816,48.0,1.5,0.3
Nikola Jokić,65,27.7,34.8,12.9,10.7,0.592,0.759,56.0,1.4,0.8
Joel Embiid,38,26.9,31.6,7.7,3.9,0.491,0.869,40.0,0.6,1.2
Lauri Markkanen,42,26.7,34.3,6.9,2.1,0.475,0.865,51.0,1.0,0.5
Stephen Curry,43,26.6,30.9,3.6,4.7,0.453,0.904,49.0,1.1,0.4
Devin Booker,62,26.6,34.3,4.0,6.2,0.456,0.858,43.0,0.8,0.3
Jalen Brunson,73,26.3,35.4,3.4,6.9,0.465,0.822,47.0,0.8,0.1
Kevin Durant,78,26.0,36.4,5.5,4.8,0.527,0.85,40.0,0.8,0.9
Jamal Murray,74,25.7,35.7,4.5,7.2,0.478,0.852,53.0,0.9,0.4
Victor Wembanyama,64,25.0,29.2,11.5,3.1,0.515,0.791,41.0,1.0,3.1
Deni Avdija,65,24.6,33.8,7.0,6.8,0.461,0.778,41.0,0.8,0.6
Michael Porter Jr.,52,24.2,32.5,7.1,3.0,0.458,0.816,38.0,1.1,0.3
Cade Cunningham,63,24.2,34.4,5.6,10.1,0.47,0.765,46.0,1.4,0.9
Pascal Siakam,62,24.0,33.2,6.6,3.8,0.483,0.708,37.0,1.1,0.4
Keyonte George,54,23.6,33.1,3.7,6.1,0.447,0.868,43.0,1.1,0.3
James Harden,70,23.6,34.8,4.8,8.0,0.442,0.835,55.0,1.1,0.4
Austin Reaves,51,23.3,34.5,4.7,5.5,0.487,0.849,51.0,1.1,0.4
Jalen Johnson,71,22.8,35.6,10.4,8.0,0.49,0.768,43.0,1.2,0.4
Paolo Banchero,72,22.2,34.7,8.4,5.2,0.453,0.78,39.0,0.7,0.6
Jayson Tatum,16,21.8,32.6,10.0,5.3,0.412,0.723,32.0,1.4,0.2
Norman Powell,58,21.7,29.6,3.5,2.5,0.466,0.798,38.0,1.1,0.2
Trey Murphy III,66,21.5,35.5,5.7,3.8,0.467,0.72,44.0,1.5,0.4
Brandon Ingram,77,21.5,33.8,5.6,3.7,0.481,0.739,38.0,0.8,0.7
Anthony Davis,19,21.2,32.6,11.4,2.9,0.493,0.618,35.0,1.1,1.7
Cooper Flagg,69,21.2,33.8,6.7,4.6,0.46,0.764,51.0,1.2,0.9
Julius Randle,79,21.1,33.0,6.7,5.0,0.473,0.784,41.0,1.1,0.2
Zion Williamson,62,21.0,29.7,5.7,3.2,0.6,0.706,35.0,1.0,0.5
Franz Wagner,33,21.0,30.7,5.3,3.4,0.477,0.822,37.0,0.9,0.3
LeBron James,60,20.9,33.2,6.1,7.2,0.514,0.722,36.0,1.2,0.6
Nickeil Alexander-Walker,78,20.8,33.4,3.4,3.7,0.453,0.795,41.0,1.3,0.5
Shaedon Sharpe,50,20.8,29.4,4.3,2.6,0.443,0.68,36.0,1.4,0.1
Alperen Sengun,71,20.6,33.8,9.0,6.3,0.532,0.65,39.0,1.2,1.1
Tyler Herro,33,20.5,31.3,4.8,4.1,0.48,0.756,33.0,0.7,0.4
Dillon Brooks,55,20.5,30.8,3.6,1.8,0.436,0.703,40.0,1.0,0.2
Brandon Miller,64,20.4,30.6,5.0,3.4,0.443,0.702,33.0,1.0,0.7
Bam Adebayo,72,20.4,32.7,10.2,3.2,0.442,0.724,83.0,1.2,0.7
Ja Morant,19,20.1,29.6,3.4,8.4,0.401,0.911,40.0,1.1,0.3
Desmond Bane,82,20.1,33.6,4.1,4.1,0.477,0.781,37.0,1.0,0.5
Karl-Anthony Towns,75,20.1,31.0,11.9,3.0,0.501,0.827,40.0,0.9,0.5
LaMelo Ball,72,20.1,28.0,4.8,7.1,0.408,0.672,38.0,1.2,0.3
Jimmy Butler III,38,20.0,31.1,5.6,4.9,0.524,0.814,33.0,1.4,0.2
Ty Jerome,15,19.7,22.6,2.8,5.7,0.475,0.764,28.0,1.1,0.3
Jalen Duren,70,19.5,28.2,10.5,2.0,0.653,0.676,36.0,0.8,0.8
Jaren Jackson Jr.,48,19.4,30.3,5.7,2.0,0.478,0.718,31.0,1.1,1.4
Jalen Green,29,19.4,28.1,3.9,3.1,0.417,0.571,36.0,1.2,0.3
RJ Barrett,57,19.3,30.3,5.3,3.3,0.492,0.683,31.0,0.7,0.3
Zach LaVine,39,19.2,31.4,2.8,2.3,0.468,0.725,42.0,0.7,0.3
Jerami Grant,56,18.9,30.1,3.5,2.2,0.455,0.713,35.0,0.8,0.6
Trae Young,14,18.8,26.9,2.1,8.5,0.476,0.822,35.0,0.9,0.1
Darius Garland,45,18.8,29.9,2.4,6.7,0.459,0.71,41.0,1.0,0.2
CJ McCollum,76,18.7,29.8,3.3,3.9,0.447,0.594,46.0,0.8,0.5
De'Aaron Fox,72,18.6,31.0,3.8,6.2,0.488,0.586,37.0,1.2,0.3
Kon Knueppel,81,18.5,31.5,5.3,3.4,0.475,0.699,34.0,0.7,0.2
DeMar DeRozan,77,18.4,31.2,2.9,4.1,0.486,0.778,41.0,1.0,0.3
Amen Thompson,79,18.3,37.4,7.8,5.3,0.531,0.765,41.0,1.5,0.6
Evan Mobley,65,18.2,31.9,9.0,3.6,0.549,0.604,34.0,0.7,1.7
Scottie Barnes,80,18.1,33.5,7.5,5.9,0.51,0.668,33.0,1.4,1.5
Bennedict Mathurin,53,17.9,30.5,5.5,2.4,0.42,0.757,38.0,0.8,0.2
Coby White,49,17.7,25.4,3.5,4.0,0.44,0.766,27.0,0.5,0.1
Saddiq Bey,72,17.7,31.2,5.6,2.5,0.439,0.708,42.0,0.9,0.1
Kevin Porter Jr.,37,17.6,33.8,5.4,7.5,0.456,0.728,32.0,2.2,0.5
Paul George,37,17.3,30.7,5.3,3.6,0.428,0.639,39.0,1.7,0.4
Miles Bridges,76,17.3,31.3,5.9,3.2,0.463,0.734,35.0,0.6,0.4
Ryan Rollins,74,17.3,32.1,4.6,5.6,0.468,0.561,36.0,1.5,0.4
Jalen Williams,33,17.1,28.4,4.6,5.5,0.487,0.789,28.0,1.2,0.3
Chet Holmgren,69,17.1,28.9,8.9,1.7,0.543,0.717,31.0,0.6,1.9
Josh Giddey,54,17.0,32.1,8.3,9.1,0.436,0.721,32.0,1.0,0.5
Payton Pritchard,79,17.0,32.3,3.9,5.2,0.438,0.487,42.0,0.7,0.1
OG Anunoby,66,16.9,33.6,5.3,2.2,0.478,0.708,34.0,1.6,0.7
Andrew Nembhard,57,16.9,31.3,2.8,7.7,0.434,0.718,32.0,0.9,0.1
Kristaps Porziņģis,32,16.7,24.0,5.2,2.5,0.431,0.75,30.0,0.6,1.2
Stephon Castle,68,16.7,30.0,5.3,7.4,0.475,0.727,40.0,1.1,0.3
Dejounte Murray,14,16.7,27.8,5.4,6.4,0.475,0.834,35.0,1.6,0.2
Aaron Gordon,35,16.6,28.6,5.9,2.7,0.468,0.721,50.0,0.6,0.3
Derrick White,77,16.5,34.1,4.4,5.4,0.4,0.655,34.0,1.1,1.3
Grayson Allen,51,16.5,28.8,3.0,3.8,0.404,0.643,42.0,1.4,0.3
Immanuel Quickley,70,16.4,31.9,4.0,5.9,0.443,0.548,40.0,1.3,0.1
Matas Buzelis,77,16.3,29.2,5.8,2.1,0.458,0.644,41.0,0.7,1.5
Jrue Holiday,53,16.3,29.4,4.6,6.1,0.447,0.574,35.0,1.0,0.1
Alex Sarr,48,16.3,27.2,7.4,2.7,0.47,0.511,31.0,0.8,2.0
VJ Edgecombe,75,16.0,35.0,5.6,4.2,0.439,0.637,38.0,1.4,0.5
Jabari Smith Jr.,77,15.8,35.1,6.9,1.9,0.457,0.637,32.0,0.7,0.9
Brice Sensabaugh,70,15.8,24.7,3.2,2.0,0.439,0.616,43.0,0.7,0.2
Domantas Sabonis,19,15.8,29.7,11.4,4.1,0.563,0.571,34.0,0.9,0.2
Collin Sexton,67,15.6,23.9,2.3,3.3,0.49,0.747,30.0,1.1,0.1
Jaime Jaquez Jr.,74,15.5,28.5,5.0,4.7,0.505,0.572,32.0,0.7,0.3
Andrew Wiggins,68,15.4,30.3,4.8,2.7,0.477,0.59,31.0,1.1,1.0
Jarrett Allen,56,15.4,27.1,8.5,1.8,0.638,0.629,40.0,1.0,0.8
Nikola Vučević,63,15.3,28.8,8.5,3.4,0.489,0.452,35.0,0.6,0.7
Onyeka Okongwu,74,15.2,31.0,7.6,3.1,0.475,0.554,32.0,1.1,1.1
Anthony Black,63,15.2,30.3,3.9,3.7,0.439,0.566,38.0,1.4,0.7
Naji Marshall,74,15.2,29.5,4.7,3.3,0.499,0.624,36.0,1.1,0.1
Russell Westbrook,64,15.2,28.9,5.4,6.7,0.421,0.534,27.0,1.3,0.2
Jaden McDaniels,72,15.1,32.0,4.3,2.8,0.514,0.584,30.0,1.1,1.0
Peyton Watson,52,15.0,30.4,5.0,2.1,0.469,0.616,35.0,0.9,1.2
Kyshawn George,48,14.8,29.0,5.1,4.5,0.436,0.581,34.0,1.0,0.9
Zach Edey,10,14.8,27.8,12.1,1.2,0.609,0.636,32.0,0.7,2.1
Ayo Dosunmu,69,14.8,27.3,3.4,3.6,0.51,0.6,29.0,0.8,0.3
Mikal Bridges,81,14.6,33.2,3.9,3.8,0.498,0.342,35.0,1.3,0.8
Keegan Murray,22,14.5,35.7,6.0,1.7,0.406,0.529,26.0,1.1,1.6
Cam Thomas,39,14.5,22.2,1.8,2.7,0.382,0.745,41.0,0.2,0.1
Anfernee Simons,55,14.3,24.9,2.5,2.4,0.433,0.517,39.0,0.5,0.1
Jeremiah Fears,82,14.3,25.8,3.7,3.4,0.426,0.598,40.0,1.2,0.4
P.J. Washington,55,14.3,31.5,7.2,1.8,0.438,0.502,29.0,1.0,1.1
Scoot Henderson,30,14.2,24.9,2.7,3.7,0.425,0.722,28.0,0.9,0.3
Ivica Zubac,48,14.1,30.1,10.6,2.2,0.6,0.57,33.0,0.4,0.8
Tre Jones,65,14.1,27.0,3.1,5.4,0.54,0.703,34.0,1.2,0.2
Kelly Oubre Jr.,50,14.1,31.5,5.0,1.6,0.44,0.605,30.0,1.4,0.5
Santi Aldama,43,14.0,27.9,6.7,2.9,0.468,0.522,37.0,0.9,0.7
GG Jackson,48,14.0,23.9,4.8,1.7,0.509,0.679,30.0,0.6,0.9
Ace Bailey,71,13.9,27.9,4.2,1.8,0.428,0.326,37.0,0.8,0.7
Devin Vassell,67,13.9,30.5,4.0,2.5,0.424,0.554,35.0,0.9,0.4
Naz Reid,76,13.8,26.3,6.3,2.2,0.449,0.469,33.0,1.0,1.0
Ajay Mitchell,56,13.8,26.2,3.4,3.7,0.5,0.683,26.0,1.3,0.3
Brandin Podziemski,82,13.8,28.4,5.1,3.7,0.441,0.602,30.0,1.1,0.2
Aaron Nesmith,45,13.8,29.7,4.2,1.9,0.41,0.584,32.0,0.6,0.5
Brandon Williams,61,13.8,23.4,3.0,4.1,0.468,0.724,26.0,1.0,0.3
Jordan Poole,38,13.8,24.4,2.0,3.1,0.34,0.637,34.0,0.6,0.4
Jalen Suggs,57,13.8,27.6,3.9,5.5,0.451,0.549,28.0,1.8,0.7
Bobby Portis,67,13.7,24.2,6.4,1.6,0.489,0.317,29.0,0.6,0.2
De'Andre Hunter,45,13.7,26.1,4.1,2.0,0.395,0.717,29.0,0.7,0.1
Cedric Coward,62,13.6,25.8,5.9,2.8,0.475,0.697,28.0,0.6,0.4
Leonard Miller,23,13.6,26.8,6.7,1.5,0.558,0.609,26.0,0.6,0.6
John Collins,69,13.6,27.1,5.3,1.0,0.54,0.59,25.0,0.9,0.7
Tobias Harris,61,13.6,28.4,5.3,2.6,0.453,0.679,26.0,1.0,0.4
Tim Hardaway Jr.,80,13.5,26.6,2.6,1.4,0.432,0.517,30.0,0.5,0.1
Reed Sheppard,82,13.5,26.2,2.9,3.4,0.433,0.332,31.0,1.5,0.7
Toumani Camara,82,13.4,33.3,5.1,2.5,0.437,0.455,35.0,1.1,0.4
Quentin Grimes,75,13.4,29.4,3.6,3.3,0.439,0.68,31.0,0.9,0.4
Keldon Johnson,82,13.2,23.3,5.4,1.4,0.514,0.519,27.0,0.6,0.1
Maxime Raynaud,69,13.2,28.0,8.0,1.4,0.555,0.556,32.0,0.5,0.6
Jaylon Tyson,66,13.2,26.9,5.1,2.2,0.482,0.475,39.0,0.8,0.4
Malik Monk,58,13.1,23.0,1.9,3.2,0.43,0.51,32.0,0.6,0.4
Kyle Kuzma,69,13.0,26.2,4.5,2.7,0.495,0.569,33.0,0.7,0.4
Sam Merrill,51,12.9,26.8,2.5,2.5,0.459,0.492,32.0,0.6,0.1
Devin Carter,25,12.8,25.0,4.4,3.7,0.403,0.577,29.0,1.1,0.3
Collin Gillespie,80,12.7,28.5,4.1,4.6,0.397,0.411,30.0,1.2,0.2
Deandre Ayton,71,12.6,27.5,8.1,0.8,0.669,0.421,29.0,0.6,1.0
Caleb Love,39,12.6,24.4,2.8,3.0,0.367,0.369,26.0,0.7,0.1
Obi Toppin,22,12.5,18.4,4.6,2.4,0.493,0.475,26.0,0.5,0.0
Jonathan Kuminga,34,12.5,23.9,5.8,2.4,0.435,0.548,27.0,0.6,0.3
Jaylen Wells,69,12.5,26.4,3.2,1.6,0.442,0.543,25.0,0.9,0.1
Cameron Johnson,53,12.4,30.9,3.8,2.5,0.463,0.58,28.0,0.8,0.4
Noah Clowney,65,12.4,27.3,4.2,1.7,0.393,0.579,31.0,0.8,0.7
Donte DiVincenzo,81,12.3,30.7,4.1,3.8,0.404,0.32,25.0,1.3,0.4
De'Anthony Melton,49,12.3,23.0,3.2,2.6,0.377,0.555,28.0,1.6,0.4
Max Christie,77,12.3,29.1,3.2,2.0,0.442,0.539,26.0,0.6,0.4
Moses Moody,59,12.3,25.9,3.3,1.7,0.424,0.458,32.0,1.0,0.6
Tre Johnson,60,12.2,24.0,2.8,2.0,0.423,0.512,26.0,0.6,0.3
Duncan Robinson,77,12.2,27.4,2.7,2.1,0.451,0.391,23.0,0.6,0.3
Donovan Clingan,77,12.1,27.2,11.6,2.1,0.514,0.514,28.0,0.6,1.7
Christian Braun,44,12.0,31.8,4.8,2.7,0.514,0.579,26.0,0.7,0.3
Miles McBride,41,12.0,26.3,2.4,2.6,0.405,0.343,25.0,0.9,0.2
Josh Hart,66,12.0,30.2,7.4,4.8,0.489,0.479,33.0,1.1,0.3
Isaiah Collier,58,11.9,26.0,2.6,7.3,0.506,0.532,27.0,1.1,0.3
Dyson Daniels,76,11.9,33.2,6.8,5.9,0.513,0.393,28.0,2.0,0.4
Pelle Larsson,66,11.9,27.7,3.7,3.5,0.471,0.636,28.0,0.7,0.2
Tristan Vukcevic,33,11.9,17.9,4.0,1.4,0.499,0.61,22.0,0.6,0.8
Bilal Coulibaly,55,11.9,26.5,4.4,2.6,0.411,0.655,29.0,1.4,1.0
Myles Turner,71,11.9,26.9,5.3,1.5,0.424,0.555,31.0,0.7,1.6
Derik Queen,80,11.8,25.2,7.1,3.7,0.459,0.614,33.0,1.1,0.9
Olivier-Maxence Prosper,44,11.8,21.8,4.0,1.2,0.559,0.514,31.0,0.9,0.3
Wendell Carter Jr.,78,11.8,29.3,7.4,2.0,0.511,0.628,28.0,0.8,0.6
Jarace Walker,74,11.8,26.2,5.3,2.6,0.418,0.528,26.0,0.9,0.4
Dylan Harper,69,11.8,22.6,3.4,3.9,0.493,0.47,24.0,0.8,0.3
Kel'el Ware,72,11.7,23.2,9.4,0.8,0.538,0.378,28.0,0.8,1.2
Will Riley,63,11.7,25.1,3.2,2.2,0.423,0.561,31.0,0.8,0.1
Mark Williams,60,11.7,23.6,8.0,1.0,0.624,0.584,27.0,0.9,0.9
Kyle Filipowski,74,11.7,24.0,7.3,2.6,0.5,0.528,26.0,1.0,0.5
Klay Thompson,69,11.7,21.7,2.1,1.4,0.384,0.271,26.0,0.5,0.3
Nic Claxton,69,11.7,27.8,6.9,3.7,0.567,0.503,28.0,0.7,1.1
Rui Hachimura,68,11.5,28.3,3.3,0.8,0.494,0.25,28.0,0.6,0.3
Gui Santos,52,11.4,25.1,4.8,2.9,0.51,0.384,31.0,1.1,0.4
Scotty Pippen Jr.,10,11.4,21.2,2.2,4.7,0.455,0.567,18.0,1.9,0.4
Daeqwon Plowden,30,11.4,27.6,3.1,1.3,0.428,0.528,23.0,0.8,0.2
Isaiah Joe,68,11.4,21.8,2.6,1.4,0.443,0.487,22.0,0.7,0.2
Jaden Hardy,44,11.3,18.8,1.7,1.2,0.431,0.439,25.0,0.3,0.1
Max Strus,12,11.2,24.0,5.4,2.0,0.404,0.25,29.0,0.3,0.0
Sandro Mamukelashvili,80,11.2,21.9,4.9,1.9,0.509,0.508,24.0,0.8,0.5
Cam Spencer,72,11.1,23.8,2.5,5.6,0.473,0.623,27.0,0.7,0.2
Julian Champagnie,82,11.1,27.6,5.8,1.5,0.428,0.465,36.0,0.8,0.5
D'Angelo Russell,24,11.0,19.9,2.4,4.1,0.398,0.457,31.0,0.5,0.1
Rudy Gobert,76,10.9,31.3,11.5,1.7,0.681,0.473,26.0,0.8,1.6
Daniss Jenkins,59,10.9,23.5,2.7,4.5,0.402,0.56,30.0,1.0,0.2
Kevin Huerter,62,10.9,24.1,3.8,2.8,0.446,0.362,23.0,1.0,0.5
Javon Small,35,10.9,22.9,3.5,4.1,0.444,0.57,23.0,1.0,0.3
Jusuf Nurkić,41,10.9,26.4,10.4,4.8,0.507,0.47,26.0,1.3,0.5
Tyson Etienne,16,10.9,21.9,1.7,2.4,0.424,0.521,23.0,0.7,0.0
Jakob Poeltl,45,10.9,25.4,7.1,2.1,0.696,0.364,23.0,0.9,0.7
Dennis Schröder,70,10.8,24.2,2.7,4.9,0.385,0.688,27.0,0.8,0.2
Precious Achiuwa,66,10.8,25.6,7.2,1.5,0.522,0.327,29.0,1.0,0.7
Jordan Miller,54,10.7,24.0,3.3,2.5,0.514,0.579,22.0,0.8,0.2
Bub Carrington,82,10.7,27.7,3.4,4.6,0.423,0.407,30.0,0.6,0.2
Simone Fontecchio,51,10.7,20.9,3.6,1.8,0.405,0.512,24.0,0.6,0.2
Marvin Bagley III,58,10.7,20.4,6.3,1.4,0.608,0.489,26.0,0.5,0.7
Jalen Smith,51,10.6,21.2,6.9,1.3,0.504,0.511,18.0,0.5,0.8
Jock Landale,67,10.6,22.4,5.8,1.7,0.511,0.402,26.0,0.5,0.5
Cam Whitmore,18,10.6,18.4,3.2,0.8,0.459,0.482,20.0,0.7,0.3
Tari Eason,60,10.5,25.8,6.3,1.5,0.415,0.4,26.0,1.2,0.5
Paul Reed,40,10.5,18.7,6.1,1.8,0.656,0.391,28.0,1.1,1.3
AJ Green,78,10.4,29.1,2.7,1.9,0.41,0.315,35.0,0.5,0.1
Sharife Cooper,31,10.4,21.1,2.7,3.6,0.499,0.543,21.0,0.5,0.2
Quenton Jackson,41,10.4,20.8,2.6,3.4,0.461,0.622,25.0,0.7,0.1
Neemias Queta,75,10.3,25.6,8.5,1.7,0.659,0.458,27.0,0.8,1.3
Egor Dëmin,52,10.3,25.2,3.2,3.3,0.394,0.391,26.0,0.8,0.3
Ziaire Williams,56,10.2,22.9,2.4,1.1,0.404,0.561,25.0,1.4,0.4
Khris Middleton,62,10.2,23.1,3.7,2.8,0.406,0.525,35.0,0.7,0.1
Isaiah Stewart,57,10.1,23.0,5.0,1.1,0.548,0.549,31.0,0.3,1.6
Bones Hyland,56,10.1,19.3,2.0,2.9,0.44,0.386,23.0,0.7,0.3
Derrick Jones Jr.,50,10.1,27.0,3.5,1.4,0.5,0.44,22.0,0.9,1.0
Aaron Wiggins,60,10.1,23.0,3.2,1.8,0.438,0.356,27.0,1.0,0.5
Tristan da Silva,76,10.0,24.9,3.7,1.6,0.42,0.372,26.0,0.9,0.3
Jay Huff,77,10.0,22.0,4.2,1.6,0.458,0.438,29.0,0.5,2.0
Ausar Thompson,71,10.0,26.5,5.9,3.2,0.543,0.418,21.0,2.0,1.0
Zaccharie Risacher,64,9.9,23.1,3.9,1.2,0.469,0.37,25.0,0.9,0.6
Harrison Barnes,77,9.9,25.8,2.8,1.9,0.445,0.516,31.0,0.6,0.2
Royce O'Neale,78,9.8,28.4,4.8,2.7,0.421,0.144,21.0,1.1,0.4
E.J. Liddell,12,9.8,22.8,4.3,1.9,0.439,0.417,26.0,0.4,0.8
Nolan Traore,50,9.8,24.0,1.9,4.1,0.384,0.478,23.0,0.8,0.4
Jonas Valančiūnas,53,9.8,15.0,5.7,1.4,0.607,0.453,23.0,0.2,0.7
Julian Strawther,39,9.8,19.6,2.7,1.4,0.446,0.43,25.0,0.6,0.1
Ousmane Dieng,42,9.7,24.5,4.0,3.0,0.397,0.262,36.0,0.5,0.3
Cody Williams,59,9.7,26.7,3.2,2.3,0.474,0.388,34.0,0.8,0.4
Zach Collins,10,9.7,18.4,5.6,1.5,0.544,0.633,16.0,0.2,0.4
Jordan Clarkson,63,9.6,19.5,1.8,1.4,0.454,0.426,27.0,0.4,0.1
Corey Kispert,54,9.6,19.5,2.4,1.7,0.444,0.496,33.0,0.3,0.2
Justin Champagnie,61,9.6,22.0,6.1,1.4,0.477,0.415,21.0,1.0,0.7
T.J. McConnell,55,9.5,17.4,2.2,5.2,0.54,0.255,23.0,1.0,0.2
Landry Shamet,50,9.5,23.4,1.8,1.4,0.427,0.328,36.0,0.6,0.2
Daniel Gafford,55,9.5,21.7,6.9,1.1,0.602,0.562,24.0,0.8,1.3
Jared McCain,57,9.5,19.2,2.4,1.5,0.407,0.287,26.0,0.6,0.1
Sam Hauser,76,9.5,25.3,3.9,1.5,0.401,0.132,30.0,0.5,0.3
Bogdan Bogdanović,18,9.4,23.7,3.1,2.7,0.382,0.343,21.0,0.6,0.2
Gary Trent Jr.,54,9.4,24.6,1.2,1.4,0.37,0.315,36.0,0.6,0.1
Danny Wolf,54,9.4,21.8,5.2,2.3,0.392,0.416,23.0,0.6,0.6
Buddy Hield,40,9.3,19.0,2.6,1.7,0.412,0.304,31.0,0.9,0.2
Davion Mitchell,70,9.3,28.6,2.7,6.5,0.488,0.204,21.0,1.0,0.2
Luka Garza,58,9.3,18.3,4.6,1.0,0.586,0.515,27.0,0.4,0.4
Svi Mykhailiuk,49,9.3,23.4,2.5,1.9,0.486,0.262,28.0,0.5,0.1
Marcus Smart,62,9.3,28.5,2.8,3.0,0.389,0.449,26.0,1.4,0.4
Isaac Okoro,63,9.3,26.9,2.7,1.6,0.44,0.507,24.0,0.7,0.5
Isaiah Hartenstein,47,9.2,24.2,9.4,3.5,0.572,0.444,33.0,1.0,0.8
Nique Clifford,70,9.2,26.3,4.0,2.5,0.38,0.362,30.0,1.0,0.3
Terrence Shannon Jr.,22,9.2,19.0,1.7,1.5,0.379,0.498,33.0,0.5,0.0
Taurean Prince,26,9.2,23.5,3.1,1.8,0.431,0.115,19.0,0.6,0.2
Josh Minott,38,9.2,20.5,4.0,1.1,0.484,0.453,24.0,1.0,0.6
Nikola Jović,36,9.2,21.0,4.0,2.6,0.362,0.509,29.0,0.7,0.4
Branden Carlson,20,9.1,19.2,5.2,1.1,0.522,0.25,26.0,0.4,1.2
Gary Payton II,60,9.1,17.8,4.2,2.0,0.595,0.207,19.0,1.1,0.3
Nick Smith Jr.,18,9.1,17.9,1.2,1.3,0.414,0.241,25.0,0.4,0.1
Rob Dillingham,41,9.0,19.8,2.6,2.8,0.409,0.345,26.0,0.8,0.1
Oscar Tshiebwe,22,9.0,18.6,7.6,1.3,0.609,0.347,29.0,0.7,0.2
Quinten Post,56,9.0,19.5,4.6,1.6,0.445,0.254,22.0,0.4,0.6
Anthony Gill,33,9.0,26.4,4.4,2.0,0.622,0.333,21.0,0.8,0.6
Jaden Ivey,35,9.0,18.7,2.5,1.9,0.467,0.383,16.0,0.7,0.4
Bryce McGowens,37,9.0,23.2,2.4,1.6,0.464,0.596,23.0,0.7,0.2
Jordan Goodwin,68,8.9,23.0,5.0,2.2,0.422,0.238,26.0,1.5,0.2
Vít Krejčí,61,8.9,22.5,2.4,1.6,0.428,0.255,28.0,0.8,0.3
Collin Murray-Boyles,54,8.9,22.7,5.2,1.9,0.58,0.443,20.0,1.0,1.0
Herbert Jones,55,8.9,28.7,3.4,2.8,0.378,0.382,18.0,1.6,0.5
Day'Ron Sharpe,61,8.8,18.9,6.7,2.4,0.589,0.533,19.0,1.1,0.4
Ron Harper Jr.,12,8.8,20.6,3.2,1.4,0.456,0.125,27.0,0.7,0.5
Pat Spencer,52,8.8,22.3,2.8,4.2,0.41,0.341,20.0,0.9,0.1
Kenrich Williams,39,8.7,19.4,4.2,1.8,0.49,0.363,25.0,0.7,0.1
Brook Lopez,72,8.7,22.4,3.8,1.3,0.399,0.328,31.0,0.6,1.2
Cason Wallace,77,8.6,26.6,3.1,2.6,0.415,0.323,27.0,1.9,0.4
Luke Kennard,76,8.6,21.9,2.4,2.3,0.521,0.397,22.0,0.7,0.1
Kobe Brown,36,8.6,23.3,4.7,1.8,0.488,0.402,20.0,0.6,0.3
Draymond Green,66,8.5,28.0,5.6,5.7,0.408,0.391,21.0,0.9,0.6
Malaki Branham,11,8.5,17.5,2.5,1.2,0.499,0.636,17.0,0.6,0.2
Jamir Watkins,42,8.5,23.9,4.5,1.6,0.463,0.413,24.0,1.2,0.6
Kentavious Caldwell-Pope,50,8.5,21.6,2.5,2.8,0.421,0.461,20.0,0.8,0.2
Jamal Cain,22,8.5,18.5,3.2,1.0,0.512,0.557,20.0,0.5,0.2
Justin Edwards,42,8.4,20.7,2.1,1.8,0.436,0.333,32.0,1.1,0.2
AJ Johnson,17,8.4,18.5,2.2,2.1,0.397,0.415,20.0,0.6,0.1
Al Horford,44,8.4,21.9,5.0,2.6,0.428,0.209,22.0,0.7,1.2
Walter Clayton Jr.,63,8.4,21.6,2.1,4.3,0.382,0.605,20.0,0.7,0.3
Keshad Johnson,11,8.4,19.2,3.8,0.6,0.552,0.409,15.0,1.1,0.5
Ronald Holland II,76,8.4,20.2,4.1,1.2,0.441,0.503,19.0,1.2,0.4
Taylor Hendricks,52,8.3,20.9,4.1,1.0,0.484,0.331,21.0,0.9,0.6
Jake LaRavia,81,8.3,25.3,4.0,1.8,0.475,0.45,27.0,1.3,0.5
Tyrese Proctor,27,8.3,15.7,1.9,2.2,0.414,0.463,22.0,0.8,0.0
Luguentz Dort,69,8.3,26.8,3.6,1.2,0.388,0.264,19.0,0.9,0.4
Asa Newell,22,8.2,17.7,3.6,0.8,0.53,0.242,17.0,0.5,0.5
Marcus Sasser,20,8.1,18.0,1.7,2.8,0.359,0.275,19.0,0.9,0.1
Moritz Wagner,26,8.1,14.2,3.9,0.8,0.42,0.664,14.0,0.5,0.0
Isaiah Jackson,45,8.1,18.9,6.1,1.1,0.642,0.431,21.0,0.8,1.0
Jose Alvarado,64,8.0,20.9,2.6,3.6,0.409,0.215,26.0,1.0,0.1
Cole Anthony,27,8.0,18.2,3.0,4.1,0.396,0.217,23.0,0.6,0.4
Kobe Sanders,59,8.0,22.0,2.5,1.7,0.463,0.338,20.0,0.8,0.2
Ben Saraf,40,8.0,22.4,2.3,3.6,0.385,0.516,22.0,1.0,0.2
Nick Richards,29,7.9,20.0,6.8,0.3,0.509,0.531,16.0,0.2,1.0
Dominick Barlow,69,7.9,24.3,4.9,1.3,0.556,0.466,26.0,0.9,0.8
Thomas Bryant,42,7.9,15.6,4.5,0.8,0.506,0.498,15.0,0.4,0.5
A.J. Lawson,11,7.9,15.5,2.8,0.6,0.485,0.379,14.0,0.7,0.2
Bruce Brown,82,7.9,24.4,3.9,2.1,0.454,0.419,19.0,1.0,0.2
Vince Williams Jr.,37,7.9,21.5,4.0,4.4,0.343,0.39,16.0,0.8,0.4
Moussa Diabaté,73,7.9,26.0,8.7,1.9,0.628,0.465,18.0,0.8,1.0
Jett Howard,33,7.9,17.7,2.4,1.2,0.452,0.418,30.0,0.3,0.3
Tre Mann,32,7.8,17.9,2.5,2.3,0.358,0.271,20.0,0.6,0.1
Ja'Kobe Walter,69,7.8,21.1,2.7,1.2,0.412,0.345,21.0,1.0,0.2
Trendon Watford,43,7.8,19.0,3.9,2.8,0.508,0.421,20.0,0.3,0.5
Javonte Green,70,7.8,19.5,3.1,0.8,0.473,0.491,21.0,1.4,0.3
Elijah Harkless,22,7.8,24.0,2.3,3.3,0.306,0.583,23.0,1.4,0.3
Pete Nance,29,7.7,22.6,4.0,1.6,0.494,0.086,23.0,0.4,0.4
Doug McDermott,18,7.7,20.7,1.7,1.1,0.378,0.139,16.0,0.3,0.2
Jaxson Hayes,64,7.7,18.7,4.2,0.9,0.723,0.423,23.0,0.5,0.8
Tyrese Martin,37,7.6,19.7,2.9,2.0,0.376,0.207,26.0,0.6,0.2
Ryan Kalkbrenner,69,7.6,21.4,5.5,0.8,0.742,0.484,17.0,0.5,1.5
Taelon Peter,20,7.6,21.1,2.4,1.8,0.414,0.096,16.0,1.2,0.2
Gradey Dick,56,7.5,17.1,2.2,0.8,0.416,0.432,21.0,0.7,0.1
Keon Ellis,63,7.5,22.6,2.0,1.1,0.442,0.253,21.0,1.3,0.7
Jalen Wilson,42,7.5,19.1,2.6,1.2,0.378,0.441,19.0,0.5,0.0
Ryan Nembhard,50,7.5,22.0,2.6,6.0,0.376,0.205,28.0,0.5,0.0
Jevon Carter,43,7.5,19.3,2.0,2.0,0.39,0.163,15.0,0.9,0.2
Guerschon Yabusele,43,7.5,20.1,4.5,1.2,0.367,0.345,20.0,0.5,0.3
Patrick Williams,68,7.4,21.3,3.1,1.5,0.383,0.344,20.0,0.7,0.4
Andre Drummond,52,7.4,22.4,9.7,1.5,0.473,0.365,17.0,0.7,0.9
Jaylin Williams,62,7.4,20.2,5.7,2.5,0.393,0.408,30.0,0.5,0.7
Aaron Holiday,37,7.4,18.1,1.2,1.4,0.468,0.324,22.0,0.6,0.1
Caris LeVert,60,7.4,19.2,2.0,2.7,0.423,0.41,19.0,0.9,0.7
Jalen Pickett,32,7.3,22.6,3.3,3.3,0.394,0.25,29.0,0.4,0.1
Jase Richardson,23,7.3,18.6,2.3,1.9,0.422,0.399,20.0,0.4,0.1
Kris Dunn,82,7.3,27.2,3.3,3.6,0.475,0.275,19.0,1.6,0.2
Ben Sheppard,63,7.2,21.9,3.1,1.8,0.445,0.281,18.0,0.6,0.1
Rayan Rupert,44,7.2,21.6,3.9,1.5,0.361,0.223,33.0,1.2,0.2
Terance Mann,63,7.2,24.3,3.2,3.0,0.444,0.382,21.0,0.7,0.2
Kasparas Jakučionis,45,7.1,20.1,3.0,3.0,0.387,0.444,22.0,0.7,0.2
Tidjane Salaün,31,7.1,17.7,4.6,0.9,0.478,0.299,21.0,0.5,0.2
Robert Williams III,55,7.1,17.9,7.3,1.1,0.719,0.241,20.0,0.6,1.6
Kevin Love,33,7.1,17.7,6.2,1.8,0.378,0.399,20.0,0.4,0.3
Drake Powell,57,7.1,22.6,1.8,1.6,0.399,0.5,16.0,0.6,0.2
Nae'Qwan Tomlin,49,7.1,18.7,3.5,1.0,0.47,0.354,26.0,0.8,0.6
Grant Williams,36,7.0,19.8,3.9,1.6,0.411,0.455,20.0,0.5,0.5
Baylor Scheierman,59,7.0,22.4,4.3,1.9,0.45,0.162,30.0,0.7,0.1
Yanic Konan Niederhäuser,20,6.9,16.9,4.5,0.5,0.605,0.452,16.0,0.3,1.3
KJ Simpson,12,6.9,18.5,2.6,3.0,0.344,0.271,16.0,1.3,0.0
Myron Gardner,17,6.8,17.9,5.4,1.8,0.477,0.388,14.0,1.0,0.4
Will Richard,63,6.8,21.3,2.6,1.4,0.44,0.315,30.0,1.2,0.1
Alex Caruso,51,6.7,19.4,2.9,2.1,0.45,0.317,17.0,1.3,0.3
Trayce Jackson-Davis,20,6.7,17.5,5.4,1.3,0.599,0.504,11.0,0.5,1.0
Luke Kornet,65,6.7,21.6,6.2,1.9,0.603,0.489,23.0,0.5,1.0
Jordan Hawkins,34,6.7,18.2,2.2,1.1,0.361,0.25,25.0,0.4,0.3
Jamal Shead,82,6.6,22.6,1.7,5.4,0.354,0.408,22.0,0.9,0.2
Zeke Nnaji,23,6.6,20.3,4.7,1.0,0.488,0.338,21.0,0.6,0.9
Oso Ighodaro,80,6.6,22.5,5.2,2.3,0.646,0.252,17.0,0.9,0.7
Jamison Battle,20,6.6,14.5,2.5,0.7,0.611,0.117,20.0,0.2,0.1
Dalton Knecht,27,6.6,16.8,2.3,0.7,0.384,0.176,17.0,0.3,0.3
Mohamed Diawara,30,6.5,16.6,2.4,1.4,0.424,0.225,18.0,0.4,0.1
Moussa Cisse,25,6.5,18.5,7.8,0.3,0.6,0.343,17.0,0.7,1.6
Rasheer Fleming,28,6.5,18.8,3.3,0.5,0.387,0.17,16.0,0.6,0.6
Julian Phillips,15,6.4,17.9,2.0,0.5,0.481,0.267,16.0,0.9,0.2
Dru Smith,58,6.4,18.4,2.8,2.9,0.458,0.535,13.0,1.6,0.3
Drew Eubanks,27,6.4,16.6,3.7,0.6,0.573,0.247,19.0,0.5,0.9
Karlo Matković,50,6.4,16.8,4.1,0.9,0.647,0.23,16.0,0.5,1.0
Spencer Jones,54,6.4,25.3,3.8,0.9,0.459,0.201,28.0,0.9,0.5
Goga Bitadze,55,6.3,16.6,5.3,1.4,0.646,0.44,15.0,0.7,1.1
Bronny James,12,6.3,19.4,1.4,2.6,0.394,0.167,12.0,1.2,0.3
Ochai Agbaji,48,6.3,18.8,2.8,0.9,0.44,0.281,18.0,0.5,0.4
Ryan Dunn,63,6.2,20.8,4.6,1.6,0.462,0.164,20.0,0.9,0.5
Jabari Walker,40,6.2,15.8,4.1,0.7,0.387,0.383,22.0,0.5,0.3
Blake Wesley,19,6.2,16.1,1.8,2.9,0.473,0.242,12.0,0.7,0.2
Kyle Anderson,43,6.2,19.8,3.5,2.9,0.5,0.433,22.0,1.0,0.6
PJ Hall,12,6.1,16.0,5.4,0.7,0.453,0.597,13.0,0.2,0.8
Kam Jones,24,6.1,23.4,2.3,4.5,0.444,0.083,14.0,0.8,0.0
Tyler Kolek,37,6.1,16.7,2.3,3.9,0.406,0.149,20.0,0.5,0.1
Jordan Walsh,57,6.1,20.3,4.6,0.9,0.485,0.278,22.0,0.8,0.5
Carter Bryant,37,6.0,16.5,3.4,1.1,0.425,0.219,17.0,0.3,0.6
Yves Missi,61,6.0,20.9,6.2,1.4,0.555,0.323,18.0,0.3,1.6
Sidy Cissoko,62,6.0,21.9,2.5,1.7,0.386,0.327,20.0,0.8,0.4
Matisse Thybulle,26,6.0,17.3,2.2,0.9,0.41,0.346,14.0,2.2,0.6
Kris Murray,55,6.0,24.0,3.7,1.5,0.439,0.274,16.0,0.9,0.4
Dean Wade,57,5.9,23.0,4.3,1.5,0.425,0.244,14.0,0.8,0.4
Micah Peavy,40,5.9,20.4,2.6,1.3,0.35,0.141,21.0,1.0,0.2
Jericho Sims,55,5.9,23.1,6.6,1.9,0.761,0.257,17.0,0.3,0.3
Lindy Waters III,10,5.8,14.7,1.4,1.2,0.518,0.1,11.0,0.3,0.1
Khaman Maluach,18,5.8,16.5,5.7,0.2,0.572,0.278,18.0,0.2,1.2
Jeremy Sochan,22,5.8,16.8,3.6,1.5,0.488,0.341,16.0,0.5,0.2
Pat Connaughton,12,5.8,13.8,2.3,0.8,0.439,0.167,13.0,0.5,0.1
Steven Adams,32,5.8,22.8,8.6,1.5,0.521,0.476,13.0,0.7,0.6
Noah Penda,34,5.8,18.4,4.5,1.5,0.397,0.353,13.0,0.7,0.4
Johnny Furphy,31,5.8,20.3,4.8,1.3,0.488,0.218,18.0,0.6,0.2
Josh Okogie,60,5.8,20.5,3.2,1.1,0.41,0.261,16.0,1.0,0.3
Mitchell Robinson,60,5.7,19.6,8.8,0.9,0.652,0.183,21.0,0.9,1.2
Duop Reath,14,5.7,13.6,2.3,0.6,0.561,0.179,12.0,0.1,0.4
Liam McNeeley,21,5.7,14.9,3.1,0.9,0.411,0.484,13.0,0.2,0.1
Keaton Wallace,25,5.7,16.7,1.7,3.0,0.415,0.17,14.0,0.8,0.2
Jeremiah Robinson-Earl,17,5.7,19.9,5.8,0.9,0.389,0.456,12.0,0.5,0.1
Tony Bradley,20,5.6,16.6,4.5,0.9,0.507,0.454,12.0,0.2,0.3
Caleb Martin,38,5.6,19.5,3.3,1.7,0.399,0.376,18.0,0.9,0.4
Andre Jackson Jr.,14,5.6,18.4,3.1,2.0,0.441,0.348,13.0,1.0,0.2
Kelly Olynyk,16,5.5,13.9,2.9,2.0,0.387,0.488,11.0,0.7,0.2
Dylan Cardwell,43,5.5,21.0,7.7,1.4,0.578,0.213,15.0,0.7,1.6
Cam Christie,19,5.4,16.3,2.5,0.9,0.447,0.34,17.0,0.6,0.2
Jae'Sean Tate,17,5.4,14.5,3.0,0.9,0.594,0.206,13.0,0.5,0.1
Sion James,81,5.4,22.7,3.5,2.0,0.355,0.373,15.0,0.6,0.2
Adem Bona,62,5.4,18.9,4.6,0.5,0.568,0.409,16.0,0.5,1.3
Amir Coffey,23,5.3,16.4,2.1,1.0,0.459,0.21,17.0,0.3,0.1
Mouhamed Gueye,59,5.3,18.1,4.2,1.1,0.379,0.22,21.0,1.0,0.6
Dwight Powell,39,5.2,20.5,5.9,1.4,0.563,0.451,18.0,0.7,0.5
Hugo González,50,5.2,18.4,4.3,0.7,0.491,0.107,18.0,0.8,0.4
Craig Porter Jr.,56,5.1,19.8,3.9,3.6,0.433,0.205,19.0,1.0,0.7
Dalen Terry,28,5.1,16.6,2.7,2.1,0.4,0.14,11.0,0.9,0.5
John Konchar,47,5.1,22.4,4.8,2.4,0.436,0.24,19.0,1.7,0.8
Mike Conley,50,4.9,19.2,1.8,3.0,0.351,0.386,14.0,0.7,0.3
Jaylen Clark,45,4.9,16.4,2.2,0.8,0.443,0.337,12.0,0.9,0.2
Jarred Vanderbilt,57,4.9,18.8,4.9,1.4,0.47,0.215,14.0,0.9,0.3
Chaz Lanier,12,4.8,15.0,1.3,1.0,0.313,0.083,9.0,0.2,0.0
Lonzo Ball,33,4.8,21.6,4.2,4.0,0.28,0.192,15.0,1.3,0.3
Clint Capela,47,4.7,15.6,5.8,1.0,0.505,0.321,23.0,0.6,1.2
Josh Green,54,4.6,16.5,1.9,0.9,0.387,0.176,14.0,0.6,0.1
Larry Nance Jr.,23,4.6,16.1,3.3,1.2,0.409,0.101,10.0,0.9,0.3
Lachlan Olbrich,15,4.6,17.5,6.1,2.2,0.382,0.228,10.0,0.7,0.5
Gabe Vincent,50,4.6,17.2,1.1,1.4,0.347,0.18,18.0,0.5,0.0
Nicolas Batum,62,4.6,19.7,2.8,1.0,0.398,0.067,14.0,0.7,0.4
DeAndre Jordan,12,4.4,16.6,6.3,0.9,0.647,0.389,8.0,0.3,0.8
Yang Hansen,12,4.1,13.1,3.3,1.3,0.262,0.417,9.0,0.0,0.4
Ariel Hukporti,22,3.9,16.5,5.0,1.1,0.397,0.341,12.0,0.4,1.0
Jordan McLaughlin,10,3.9,13.3,1.5,2.1,0.378,0.2,7.0,1.1,0.1
Jonathan Isaac,28,3.9,13.9,3.8,0.6,0.41,0.381,9.0,0.6,0.8
Tyus Jones,49,3.7,17.8,1.4,3.0,0.309,0.071,16.0,0.7,0.1
Jonathan Mogbo,10,3.7,14.4,3.8,1.1,0.613,0.217,8.0,0.6,0.2
Kevon Looney,17,3.4,16.8,6.2,1.9,0.454,0.118,8.0,0.4,0.6
Brooks Barnhizer,13,3.4,16.8,3.0,0.9,0.276,0.173,14.0,0.6,0.2
Dorian Finney-Smith,33,3.4,17.8,2.6,1.1,0.292,0.136,9.0,0.5,0.2
Gary Harris,32,3.3,17.7,1.7,1.3,0.416,0.172,10.0,0.6,0.3
Christian Koloko,19,3.2,17.0,3.8,0.8,0.37,0.105,12.0,0.7,1.1
Maxi Kleber,24,3.1,15.3,2.8,0.9,0.424,0.24,11.0,0.5,0.5
Chris Paul,13,2.9,15.4,1.8,3.5,0.297,0.077,8.0,0.8,0.0
Isaiah Livers,15,2.7,15.1,2.8,0.7,0.282,0.278,9.0,0.7,0.5
